id,story_id,tag_id
1,106656,1122
2,106656,1756
3,106656,1248
4,106656,19720
5,106654,1122
6,106654,14604
7,106654,11824
8,106654,1248
9,106637,4794
10,106651,1148
11,106651,16797
12,106651,22007
13,106651,19722
14,106591,304
15,106591,21760
16,106591,20630
17,106589,21924
18,106589,21926
19,106589,21760
20,106589,19721
21,106589,10119
22,106559,5694
23,106559,1836
24,106559,1839
25,106559,3287
26,106549,6739
27,106549,22003
28,106549,22004
29,106549,21857
30,106549,22001
31,106549,22002
32,106541,20848
33,106541,6883
34,106541,87
35,106541,21849
36,106541,803
37,106541,21999
38,106541,22000
39,106541,150
40,106380,150
41,106380,260
42,106480,352
43,106480,1248
44,106421,21247
45,106421,5602
46,106403,150
47,106403,6449
48,106403,21996
49,106403,264
50,106403,21997
51,106365,21207
52,106365,19252
53,106230,20753
54,106230,96
55,106330,20701
56,106330,21990
57,106330,3340
58,106330,402
59,106330,21989
60,106339,13935
61,106339,21992
62,106339,115
63,106339,21993
64,106339,21991
65,106342,375
66,106342,13176
67,106342,940
68,106342,21994
69,106323,375
70,106323,8987
71,106323,10547
72,106277,21983
73,106277,7191
74,106277,21988
75,106268,304
76,106268,2112
77,106268,21924
78,106268,21760
79,106263,21757
80,106263,7627
81,106263,21760
82,106263,7653
83,106225,1122
84,106225,20429
85,106225,20157
86,106225,1248
87,106211,21882
88,106211,21983
89,106211,7191
90,106211,21985
91,106211,21982
92,106211,1062
93,106211,21981
94,106211,21857
95,106211,21984
96,106184,20848
97,106184,21977
98,106184,16524
99,106184,1362
100,106184,87
101,106184,21849
102,106184,150
103,106184,152
104,106184,293
105,106217,12342
106,106217,172
107,106217,327
108,106217,21986
109,106217,1839
110,106208,21980
111,106208,21952
112,106208,1801
113,106208,21979
114,106123,19763
115,106123,6636
116,106123,21978
117,106123,19783
118,106123,5810
119,106123,21972
120,106159,4601
121,106159,19994
122,106159,1275
123,106125,1412
124,106125,21973
125,106125,4647
126,106107,20848
127,106107,87
128,106107,21849
129,106107,5697
130,106107,21967
131,106107,4118
132,106107,3328
133,106107,2080
134,106107,18255
135,106107,21968
136,106029,19721
137,106021,15113
138,106021,21964
139,106021,16244
140,106021,15114
141,106021,152
142,106004,19722
143,105987,120
144,105987,384
145,105987,21926
146,105987,940
147,105987,150
148,105987,19720
149,105987,2950
150,105993,608
151,105993,97
152,105993,1378
153,105939,396
154,105939,150
155,105939,1902
156,105968,21959
157,105968,172
158,105968,21957
159,105968,21961
160,105968,266
161,105968,20601
162,105968,9650
163,105968,21960
164,105968,21857
165,105968,21958
166,105968,21962
167,105881,21760
168,105881,887
169,105881,21324
170,105881,325
171,105794,97
172,105840,19720
173,105826,1883
174,105826,21926
175,105826,21760
176,105826,21324
177,105785,21952
178,105785,21953
179,105785,21954
180,105785,256
181,105783,4824
182,105783,21858
183,105783,21951
184,105769,21946
185,105769,21637
186,105769,21945
187,105769,21947
188,105769,1970
189,105769,21857
190,105769,21634
191,105769,19720
192,105769,21948
193,105681,97
194,105748,20016
195,105748,21941
196,105748,304
197,105748,21940
198,105748,13566
199,105748,21849
200,105748,4324
201,105748,14920
202,105748,13513
203,105748,6978
204,105748,21942
205,105748,21944
206,105748,21943
207,105773,120
208,105773,396
209,105773,21949
210,105773,8115
211,105773,21950
212,105773,152
213,105731,12622
214,105731,384
215,105731,12614
216,105731,2316
217,105731,20218
218,105676,21793
219,105676,21939
220,105676,185
221,105676,19819
222,105676,2682
223,105670,21924
224,105670,3956
225,105670,21849
226,105670,21936
227,105670,18954
228,105670,21938
229,105670,150
230,105670,20104
231,105670,21937
232,105670,19721
233,105661,20929
234,105604,3229
235,105604,8528
236,105604,1429
237,105608,21924
238,105608,89
239,105623,20929
240,105613,20929
241,105590,21793
242,105590,3170
243,105590,21450
244,105163,21793
245,105163,14755
246,105163,416
247,105162,20848
248,105162,21915
249,105162,21849
250,105162,21916
251,105162,1807
252,105162,1103
253,105162,150
254,105162,9569
255,105162,21918
256,105162,1118
257,105162,21917
258,105165,2855
259,105165,13179
260,105165,21390
261,105165,13178
262,105165,21791
263,105165,21790
264,105165,21857
265,105165,21919
266,105165,2859
267,105165,3707
268,105439,573
269,105439,21091
270,105439,21925
271,105439,12125
272,105439,21849
273,105439,1378
274,105439,150
275,105439,21456
276,105439,8845
277,105439,10483
278,105439,2167
279,105571,21619
280,105571,4642
281,105571,550
282,105571,293
283,105569,21924
284,105569,21842
285,105569,21933
286,105569,21926
287,105569,21932
288,105569,1141
289,105569,19228
290,105569,1457
291,105468,120
292,105468,21924
293,105468,21926
294,105468,1141
295,105462,120
296,105462,21924
297,105475,120
298,105475,260
299,105406,573
300,105406,21925
301,105406,1935
302,105406,21456
303,105406,12217
304,105406,1248
305,105411,120
306,105411,21924
307,105411,21760
308,105411,18954
309,105374,573
310,105374,21456
311,105374,1248
312,105377,21924
313,105325,21924
314,105327,21924
315,105327,21922
316,105327,18954
317,105327,150
318,105327,21923
319,105327,1141
320,105282,21924
321,105178,21559
322,105174,21559
323,105191,3834
324,105191,21921
325,105191,4905
326,105191,15975
327,105124,4357
328,105124,1843
329,105124,21914
330,105075,1644
331,105075,4160
332,105075,21910
333,105075,21913
334,105075,7284
335,105075,21911
336,105075,21912
337,105076,304
338,105076,21178
339,105076,18567
340,105076,21760
341,105076,12004
342,105076,1868
343,105022,21747
344,105022,15470
345,105040,21909
346,105040,6782
347,105005,21897
348,105005,21903
349,105005,21901
350,105005,21899
351,105005,21857
352,105005,21902
353,105005,21898
354,105005,14891
355,105005,21896
356,105005,21900
357,104953,21857
358,104953,5793
359,104953,6782
360,104953,20742
361,104953,20688
362,104953,7287
363,104833,97
364,104833,20472
365,104904,10280
366,104904,9446
367,104904,7270
368,104904,21887
369,104904,724
370,104904,21886
371,104960,6581
372,104960,5334
373,104960,5335
374,104960,21849
375,104960,1711
376,104960,1895
377,104960,21889
378,104960,107
379,104960,1716
380,104960,21890
381,104960,4380
382,104963,9396
383,104963,21892
384,104963,21891
385,104963,3449
386,104963,21893
387,104963,1723
388,104963,1268
389,104963,3326
390,104969,20754
391,104969,21793
392,104969,1401
393,104969,21894
394,105002,413
395,105002,21849
396,105002,17309
397,105002,328
398,105002,4346
399,105002,150
400,105002,3692
401,105002,21895
402,105002,21355
403,105002,4352
404,105002,4457
405,105008,341
406,105008,7557
407,105008,21904
408,105008,21905
409,105008,21908
410,105008,21906
411,105008,21907
412,104946,21888
413,104946,21577
414,104923,304
415,104923,21359
416,104923,115
417,104706,21559
418,104882,168
419,104882,849
420,104882,8257
421,104886,120
422,104880,21884
423,104880,21882
424,104880,21883
425,104880,7650
426,104822,20754
427,104822,1401
428,104817,20848
429,104817,9279
430,104817,21881
431,104817,21849
432,104817,7820
433,104817,7821
434,104817,21880
435,104811,21879
436,104811,21842
437,104811,14604
438,104811,1695
439,104811,5003
440,104811,13493
441,104811,21394
442,104811,21647
443,104727,21499
444,104134,21559
445,104134,2829
446,104136,21559
447,104631,89
448,104631,375
449,104615,573
450,104615,375
451,104615,10487
452,104574,649
453,104574,13493
454,104574,21324
455,104569,16704
456,104569,21875
457,104569,21873
458,104569,21876
459,104569,21874
460,104569,21394
461,104569,21324
462,104539,1638
463,104539,6863
464,104539,8586
465,104539,8085
466,104525,21872
467,104525,8085
468,104525,1843
469,104485,1579
470,104485,21870
471,104485,21869
472,104485,9686
473,104485,21868
474,104485,14840
475,104485,21857
476,104485,20630
477,104483,120
478,104483,21871
479,104483,21627
480,104483,1438
481,104452,21866
482,104452,21867
483,104452,21864
484,104452,21865
485,104393,120
486,104393,261
487,104369,18772
488,104369,1421
489,104369,21861
490,104369,16861
491,104369,10797
492,104369,21862
493,104369,4252
494,104236,21847
495,104236,89
496,104236,20471
497,104236,344
498,104236,21850
499,104236,21851
500,104236,4741
501,104236,21849
502,104236,21846
503,104236,21848
504,104236,1599
505,104353,21793
506,104353,304
507,104353,21577
508,104350,18230
509,104350,554
510,104350,323
511,104350,21860
512,104347,4409
513,104347,21859
514,104347,19937
515,104336,21858
516,104336,120
517,104336,15264
518,104336,14672
519,104336,89
520,104336,18360
521,104336,21857
522,104308,19703
523,104308,3559
524,104308,849
525,104308,21856
526,104308,2583
527,104279,21855
528,104279,6326
529,104279,19721
530,104279,21854
531,104279,20742
532,104185,4638
533,104185,2519
534,104185,4642
535,104185,21853
536,104222,8593
537,104222,6619
538,104222,1275
539,104222,21824
540,104254,12938
541,104167,21841
542,104167,21842
543,104167,21840
544,104167,21843
545,104108,21747
546,104108,21827
547,104108,15470
548,104108,5793
549,104105,20115
550,104105,940
551,104105,6486
552,104105,2950
553,104105,257
554,104088,21689
555,104088,17928
556,104088,19933
557,104088,13493
558,104088,21647
559,104052,2261
560,104052,327
561,104052,7616
562,104052,2950
563,103989,307
564,103989,5064
565,103989,21825
566,103989,21812
567,103989,8423
568,103989,21824
569,103972,5334
570,103972,7215
571,103972,1711
572,103972,1248
573,103954,4838
574,103954,17163
575,103954,375
576,103916,3604
577,103916,20506
578,103916,5793
579,103916,6782
580,103916,5797
581,103888,20506
582,103888,21823
583,103888,18394
584,103888,15470
585,103876,304
586,103876,5346
587,103876,19668
588,103876,2491
589,103853,3834
590,103853,21820
591,103853,21821
592,103853,849
593,103853,21760
594,103853,21818
595,103853,21819
596,103801,804
597,103801,3437
598,103809,17021
599,103809,550
600,103809,2389
601,103809,150
602,103809,613
603,103809,6782
604,103796,21619
605,103796,21620
606,103796,4642
607,103796,21641
608,103796,9933
609,103788,21815
610,103788,4641
611,103788,21816
612,103690,21813
613,103690,21444
614,103690,5064
615,103690,21812
616,103690,10011
617,103690,13819
618,103742,352
619,103742,1248
620,103688,15675
621,103672,399
622,103672,9314
623,103672,261
624,103672,4805
625,103642,804
626,103642,6475
627,103642,8123
628,103607,21803
629,103607,633
630,103607,21804
631,103607,21802
632,103621,9619
633,103500,1122
634,103500,21800
635,103500,424
636,103500,4964
637,103500,1248
638,103500,1249
639,103500,21801
640,103541,6840
641,103541,21800
642,103541,1248
643,103448,317
644,103448,21760
645,103448,19227
646,103448,21702
647,103448,4625
648,103448,321
649,103448,851
650,103448,21324
651,103396,4215
652,103396,399
653,103396,261
654,103212,399
655,103228,19722
656,103322,19720
657,103198,375
658,103198,8022
659,103187,20275
660,103187,375
661,103187,20220
662,103161,21444
663,103161,19227
664,103161,1695
665,103161,21689
666,103161,21324
667,103154,3229
668,103154,21323
669,103140,21627
670,103140,4960
671,103107,649
672,103107,887
673,103107,19721
674,103107,3707
675,103079,21762
676,103079,21689
677,103079,21763
678,103079,19933
679,103079,21324
680,103079,19722
681,103079,21647
682,103060,700
683,103060,21345
684,103060,21552
685,103060,5382
686,103060,21761
687,103060,21394
688,103060,21324
689,103060,19721
690,103041,309
691,103041,21444
692,103041,21759
693,103041,21760
694,103041,8423
695,103041,17891
696,103041,19722
697,102992,21757
698,102992,19227
699,102992,7614
700,102992,21324
701,102992,2950
702,102968,1695
703,102968,21753
704,102968,21754
705,102968,19722
706,102968,2950
707,102954,908
708,102954,21752
709,102954,21749
710,102954,21750
711,102954,21751
712,102901,15540
713,102901,15559
714,102901,21747
715,102901,21746
716,102890,21743
717,102890,610
718,102890,14604
719,102890,21744
720,102849,5824
721,102849,700
722,102849,21742
723,102849,4563
724,102849,331
725,102849,21591
726,102849,887
727,102849,1106
728,102849,21590
729,102849,21740
730,102849,19722
731,102849,21741
732,102849,6653
733,102851,1954
734,102851,16068
735,102851,19721
736,102845,19722
737,102836,21527
738,102836,21738
739,102836,19988
740,102836,21737
741,102828,1692
742,102828,2909
743,102828,21461
744,102828,19722
745,102828,5917
746,102802,3074
747,102802,21735
748,102802,1711
749,102802,21736
750,102802,323
751,102792,21470
752,102792,10734
753,102792,1945
754,102792,17021
755,102789,8689
756,102789,20769
757,102789,19721
758,102743,14604
759,102743,21386
760,102743,21733
761,102743,2950
762,102756,21732
763,102756,21731
764,102756,14604
765,102756,13250
766,102756,3607
767,102756,714
768,102756,9415
769,102726,8304
770,102726,21730
771,102726,21729
772,102726,21728
773,102726,14604
774,102726,21726
775,102726,21725
776,102726,21724
777,102726,21727
778,102726,2950
779,102725,893
780,102725,1495
781,102725,8116
782,102725,13455
783,102725,19722
784,102692,1275
785,102692,10011
786,102692,19721
787,102675,20416
788,102675,7240
789,102675,19722
790,102674,7526
791,102674,7591
792,102674,2134
793,102674,9892
794,102674,9893
795,102674,19721
796,102642,375
797,102642,21712
798,102642,1402
799,102642,19720
800,102653,21714
801,102653,168
802,102653,21718
803,102653,2572
804,102653,21717
805,102653,21713
806,102653,4584
807,102653,21719
808,102653,14706
809,102653,21716
810,102653,21715
811,102653,19722
812,102653,6368
813,102580,279
814,102580,21684
815,102580,19721
816,102580,3437
817,102568,3857
818,102568,2227
819,102568,21709
820,102568,6567
821,102568,9187
822,102568,19722
823,102554,19722
824,102539,4174
825,102539,7591
826,102539,9930
827,102539,19722
828,102529,120
829,102529,3328
830,102529,887
831,102529,13571
832,102529,21706
833,102529,18255
834,102529,21707
835,102529,19720
836,102518,9754
837,102518,18405
838,102518,849
839,102518,14604
840,102518,14506
841,102163,4642
842,102163,21587
843,102163,115
844,102163,1106
845,102163,852
846,102510,11663
847,102510,3229
848,102510,21705
849,102510,21527
850,102498,3251
851,102498,21703
852,102498,21704
853,102498,19722
854,102498,12169
855,102467,19721
856,102455,8568
857,102455,21702
858,102455,1695
859,102455,887
860,102455,1106
861,102455,19720
862,102455,21647
863,102350,790
864,102350,19374
865,102350,9559
866,102350,844
867,102390,21699
868,102390,573
869,102390,269
870,102390,19720
871,102314,304
872,102314,120
873,102314,95
874,102314,3834
875,102314,96
876,102314,849
877,102314,5555
878,102314,19722
879,102297,14604
880,102321,10734
881,102321,11906
882,102321,10291
883,102321,844
884,102321,21698
885,102321,19720
886,102299,549
887,102299,9560
888,102299,3137
889,102299,14604
890,102299,150
891,102306,21696
892,102306,21697
893,102306,349
894,102306,13493
895,102306,19721
896,102270,21690
897,102270,1876
898,102270,2513
899,102270,21689
900,102270,19722
901,102270,21596
902,102265,375
903,102265,21688
904,102265,21620
905,102265,4642
906,102265,1963
907,102265,19720
908,102259,21685
909,102259,1278
910,102259,1840
911,102259,21687
912,102259,1876
913,102259,21686
914,102259,1401
915,102259,1443
916,102259,9602
917,102259,8609
918,102259,19721
919,102247,384
920,102247,4642
921,102247,940
922,102247,8346
923,102247,6782
924,102174,1412
925,102174,1413
926,102174,14604
927,102174,1248
928,102156,17489
929,102156,12023
930,102156,17457
931,102156,19720
932,102134,847
933,102134,279
934,102134,2562
935,102134,21684
936,102134,19721
937,102089,19722
938,102079,4642
939,102079,14250
940,102079,1843
941,102079,19720
942,101911,19721
943,101910,19720
944,102033,21664
945,102033,21386
946,102033,21663
947,102033,21322
948,102033,21665
949,102033,19722
950,102033,2950
951,101988,2835
952,101988,2389
953,101988,150
954,101988,19720
955,101983,1697
956,101983,21655
957,101983,21656
958,101983,1698
959,101983,1699
960,101983,14604
961,101983,21657
962,101885,788
963,101885,17021
964,101885,1638
965,101885,2116
966,101885,14604
967,101885,18329
968,101885,550
969,101885,2389
970,101885,3153
971,101885,21652
972,101885,613
973,101885,19721
974,101898,8957
975,101898,150
976,101898,19506
977,101898,16224
978,101898,21654
979,101898,19720
980,101882,384
981,101882,4642
982,101882,14250
983,101882,8346
984,101882,19721
985,101889,8069
986,101889,1840
987,101889,21178
988,101889,3050
989,101889,21653
990,101889,12004
991,101889,14914
992,101889,17457
993,101889,2950
994,101848,5064
995,101848,21648
996,101848,9553
997,101848,6615
998,101848,17501
999,101848,14604
1000,101848,19722
1001,101848,21649
1002,101832,1692
1003,101832,9670
1004,101832,2932
1005,101832,17894
1006,101832,150
1007,101832,3182
1008,101832,19721
1009,101832,21647
1010,101831,10200
1011,101831,32
1012,101831,42
1013,101831,8608
1014,101831,21646
1015,101831,19722
1016,101813,19720
1017,101715,120
1018,101715,700
1019,101715,6845
1020,101715,21643
1021,101715,19721
1022,101668,4642
1023,101668,21641
1024,101668,19722
1025,101668,21640
1026,101630,120
1027,101630,14604
1028,101630,707
1029,101630,150
1030,101630,1502
1031,101651,1661
1032,101651,21631
1033,101651,9813
1034,101651,21630
1035,101651,21632
1036,101651,4584
1037,101651,21633
1038,101651,19720
1039,101633,384
1040,101633,4642
1041,101633,14250
1042,101633,21629
1043,101633,19720
1044,101644,168
1045,101644,1969
1046,101644,3834
1047,101644,7358
1048,101644,3800
1049,101605,14604
1050,101605,670
1051,101605,115
1052,101605,21627
1053,101605,4960
1054,101605,21628
1055,101418,4642
1056,101418,3539
1057,101418,19720
1058,101418,2950
1059,101206,10150
1060,101206,96
1061,101206,15373
1062,101206,21599
1063,101206,150
1064,101206,10155
1065,101206,21600
1066,101206,10157
1067,101206,1248
1068,101206,21576
1069,101259,96
1070,101259,21609
1071,101259,14092
1072,101259,17358
1073,101259,21579
1074,101259,21610
1075,101259,8666
1076,101259,260
1077,101259,21611
1078,101284,2942
1079,101284,19252
1080,101284,4700
1081,101284,21582
1082,101284,601
1083,101388,97
1084,101388,21620
1085,101388,10450
1086,101388,4642
1087,101388,1397
1088,101388,21582
1089,101388,19722
1090,101379,96
1091,101379,375
1092,101379,1093
1093,101379,1260
1094,101379,21576
1095,101379,3707
1096,101389,3604
1097,101389,21619
1098,101389,21620
1099,101389,4642
1100,101389,21587
1101,101403,1254
1102,101403,21527
1103,101403,713
1104,101403,815
1105,101403,260
1106,101403,1268
1107,101336,1030
1108,101336,21622
1109,101336,5521
1110,101336,19720
1111,101343,384
1112,101343,21619
1113,101343,21620
1114,101343,4642
1115,101343,19721
1116,101316,21616
1117,101316,21617
1118,101316,18490
1119,101316,3022
1120,101316,19721
1121,101316,2950
1122,101289,628
1123,101289,12660
1124,101289,14604
1125,101289,3854
1126,101289,6340
1127,101289,5412
1128,101273,1892
1129,101273,21614
1130,101273,14604
1131,101273,3187
1132,101273,150
1133,101273,21615
1134,101273,21613
1135,101273,19722
1136,101228,14604
1137,101228,2990
1138,101228,21612
1139,101228,21602
1140,101228,3328
1141,101228,2079
1142,101228,21601
1143,101228,18254
1144,101228,19722
1145,101232,8378
1146,101232,21607
1147,101232,1424
1148,101232,21608
1149,101232,5602
1150,101232,10155
1151,101232,19722
1152,101194,150
1153,101194,19722
1154,101194,21597
1155,101194,21598
1156,101182,3158
1157,101182,384
1158,101182,790
1159,101182,2389
1160,101182,613
1161,101182,19720
1162,101182,21596
1163,101185,384
1164,101185,20275
1165,101185,12078
1166,101185,8346
1167,101185,19721
1168,101159,20585
1169,101159,14779
1170,101159,14604
1171,101159,8813
1172,101115,19929
1173,101115,21593
1174,101115,19720
1175,101115,16016
1176,101109,21592
1177,101109,8043
1178,101109,3543
1179,101109,613
1180,101109,19721
1181,101109,12516
1182,101100,11882
1183,101100,15932
1184,101100,12650
1185,101100,5959
1186,101100,21591
1187,101100,5061
1188,101100,2275
1189,101100,21589
1190,101100,21590
1191,101100,19722
1192,101100,5625
1193,101100,94
1194,101091,335
1195,101091,1963
1196,101049,19722
1197,100997,2267
1198,100997,150
1199,100997,7732
1200,100997,19720
1201,100906,102
1202,100906,21092
1203,100906,6685
1204,100919,1781
1205,100919,4700
1206,100919,1413
1207,100919,14604
1208,100919,6727
1209,100919,21570
1210,100919,5383
1211,100919,19721
1212,100919,2950
1213,100858,21178
1214,100858,21565
1215,100858,21566
1216,100858,16159
1217,100858,19720
1218,100861,21567
1219,100861,5637
1220,100861,21568
1221,100861,21569
1222,100861,19721
1223,100883,21207
1224,100883,375
1225,100883,14604
1226,100883,1380
1227,100883,335
1228,100866,14604
1229,100812,19721
1230,100810,19720
1231,100758,19722
1232,100695,20275
1233,100695,375
1234,100695,5793
1235,100695,19720
1236,100695,6782
1237,100695,20713
1238,100652,168
1239,100652,849
1240,100652,2316
1241,100652,20279
1242,100652,19720
1243,100667,1122
1244,100667,14604
1245,100667,951
1246,100667,1963
1247,100667,21556
1248,100663,16525
1249,100663,12314
1250,100663,21554
1251,100663,12004
1252,100663,19720
1253,100663,21555
1254,100663,2950
1255,100663,21080
1256,100641,700
1257,100641,21552
1258,100641,14604
1259,100641,21551
1260,100641,21553
1261,100612,18535
1262,100612,7145
1263,100612,21549
1264,100612,19721
1265,100612,21550
1266,100499,7145
1267,100499,21549
1268,100499,19722
1269,100499,21550
1270,100579,21547
1271,100579,21540
1272,100579,21541
1273,100579,14604
1274,100579,21543
1275,100579,21546
1276,100579,21548
1277,100579,21545
1278,100579,21544
1279,100579,19721
1280,100579,21542
1281,100579,1268
1282,100522,15929
1283,100522,14986
1284,100522,21537
1285,100523,713
1286,100523,5501
1287,100523,815
1288,100523,1268
1289,100518,21536
1290,100518,304
1291,100518,21534
1292,100518,3728
1293,100518,21535
1294,100518,19722
1295,100490,27
1296,100490,14604
1297,100490,940
1298,100490,150
1299,100490,19722
1300,100451,21524
1301,100451,21523
1302,100451,19722
1303,100451,2950
1304,100365,21499
1305,100365,19721
1306,100269,21499
1307,95312,21499
1308,100152,19720
1309,99823,120
1310,99823,2990
1311,99823,4166
1312,99823,3303
1313,99802,910
1314,99802,19929
1315,99802,19783
1316,99796,384
1317,99796,168
1318,99796,1969
1319,99796,12929
1320,99796,19722
1321,99796,253
1322,99773,21479
1323,99773,7358
1324,99773,2389
1325,99773,150
1326,99773,19721
1327,99741,19721
1328,99728,328
1329,99728,21439
1330,99728,21441
1331,99728,21478
1332,99728,19720
1333,99720,89
1334,99720,150
1335,99716,88
1336,99716,89
1337,99712,89
1338,99712,150
1339,99708,89
1340,99708,150
1341,99701,89
1342,99701,277
1343,99701,150
1344,99697,89
1345,99697,150
1346,99693,89
1347,99693,9418
1348,99684,19720
1349,98912,120
1350,98912,1293
1351,98912,1429
1352,99625,168
1353,99625,849
1354,99625,91
1355,99625,14604
1356,99625,9794
1357,99582,20605
1358,99582,9820
1359,99582,21474
1360,99582,714
1361,99582,19722
1362,99601,1275
1363,99601,3231
1364,99601,21475
1365,99601,21230
1366,99601,10010
1367,99601,19720
1368,99584,19721
1369,99583,17290
1370,99583,102
1371,99583,14604
1372,99583,20879
1373,99583,5412
1374,99583,19722
1375,99570,21472
1376,99570,21447
1377,99570,21473
1378,99570,3723
1379,99570,21322
1380,99570,19720
1381,99562,21470
1382,99562,10734
1383,99562,384
1384,99562,17021
1385,99562,14604
1386,99562,550
1387,99562,21471
1388,99562,804
1389,99553,893
1390,99553,19812
1391,99553,19722
1392,99528,790
1393,99528,375
1394,99528,9444
1395,99528,14251
1396,99528,14604
1397,99528,940
1398,99519,19721
1399,99516,21469
1400,99516,885
1401,99516,1401
1402,99516,21468
1403,99516,19721
1404,98870,6992
1405,98870,10586
1406,98870,20253
1407,98870,1093
1408,98870,16056
1409,98870,14623
1410,98870,8451
1411,98870,5887
1412,98870,3707
1413,99151,21452
1414,99151,21454
1415,99151,21453
1416,99151,148
1417,99151,402
1418,99151,150
1419,99151,260
1420,99147,7349
1421,99147,21449
1422,99147,2085
1423,99147,1435
1424,99147,8247
1425,99149,3170
1426,99149,21451
1427,99149,21450
1428,99149,9061
1429,99149,3113
1430,99149,3176
1431,99437,2932
1432,99437,150
1433,99437,1338
1434,99437,12792
1435,99435,1995
1436,99435,1226
1437,99435,21465
1438,99435,177
1439,99435,21464
1440,99435,185
1441,99435,21463
1442,99496,10586
1443,99496,20843
1444,99496,20729
1445,99496,549
1446,99496,9559
1447,99496,8197
1448,99496,20662
1449,99496,3707
1450,99471,384
1451,99471,375
1452,99471,12614
1453,99471,19720
1454,99460,105
1455,99460,375
1456,99460,14604
1457,99460,550
1458,99460,150
1459,99451,19722
1460,99420,375
1461,99420,2116
1462,99420,8987
1463,99420,1413
1464,99420,19722
1465,99379,5694
1466,99379,13772
1467,99379,1836
1468,99379,14266
1469,99379,19722
1470,99391,384
1471,99391,12614
1472,99391,19534
1473,99391,19721
1474,99273,120
1475,99273,1148
1476,99273,15265
1477,99273,11883
1478,99273,21457
1479,99273,17342
1480,99273,5969
1481,99363,7031
1482,99363,1226
1483,99363,3903
1484,99363,492
1485,99363,17901
1486,99363,686
1487,99363,976
1488,99303,384
1489,99303,790
1490,99303,145
1491,99303,3503
1492,99303,19722
1493,99342,15080
1494,99342,5073
1495,99342,5793
1496,99342,19722
1497,99342,6782
1498,99335,19722
1499,99332,15080
1500,99332,5073
1501,99332,5793
1502,99332,19722
1503,99332,6782
1504,99307,309
1505,99307,327
1506,99307,21461
1507,99307,17891
1508,99307,19720
1509,99301,940
1510,99301,349
1511,99301,2392
1512,99301,1248
1513,99301,19721
1514,99295,801
1515,99295,15986
1516,99295,4700
1517,99295,14604
1518,99295,17349
1519,99295,5383
1520,99287,14604
1521,99276,17565
1522,99276,21459
1523,99276,21458
1524,99276,317
1525,99276,19720
1526,99276,2950
1527,99265,573
1528,99265,1935
1529,99265,21456
1530,99265,10487
1531,99265,1248
1532,99265,19721
1533,99087,19722
1534,99074,19721
1535,99091,5293
1536,99091,6370
1537,99091,1807
1538,99091,940
1539,99091,13772
1540,99091,19722
1541,98916,14604
1542,98916,3728
1543,98916,1406
1544,99032,384
1545,99032,17021
1546,99032,1682
1547,99032,17891
1548,99032,19720
1549,98989,887
1550,98989,325
1551,98989,19722
1552,98948,13096
1553,98948,6978
1554,98948,19721
1555,98948,2106
1556,98952,18566
1557,98952,304
1558,98952,7057
1559,98952,8559
1560,98952,5064
1561,98952,7582
1562,98952,21447
1563,98935,14604
1564,98935,21446
1565,98935,21445
1566,98935,5695
1567,98935,1836
1568,98904,573
1569,98904,6628
1570,98904,1378
1571,98904,150
1572,98904,2954
1573,98904,8844
1574,98904,19720
1575,98904,2950
1576,98890,21444
1577,98890,21359
1578,98890,2978
1579,98890,887
1580,98890,19722
1581,98874,120
1582,98874,849
1583,98874,107
1584,98874,21443
1585,98874,1716
1586,98874,1992
1587,98874,19722
1588,98874,264
1589,98847,19720
1590,98792,304
1591,98792,700
1592,98792,27
1593,98792,19721
1594,98785,3913
1595,98785,5706
1596,98785,269
1597,98785,19722
1598,98785,383
1599,98785,21442
1600,98785,976
1601,98775,328
1602,98775,14604
1603,98775,21436
1604,98775,2146
1605,98775,21440
1606,98775,21439
1607,98775,21441
1608,98775,21438
1609,98775,957
1610,98775,21437
1611,98753,102
1612,98753,120
1613,98753,327
1614,98753,150
1615,98753,16114
1616,98753,18376
1617,98753,5620
1618,98753,335
1619,98747,95
1620,98747,12675
1621,98747,1361
1622,98747,269
1623,98747,6527
1624,98747,19722
1625,98709,20585
1626,98709,3151
1627,98709,14778
1628,98709,887
1629,98709,21410
1630,98709,19721
1631,98735,20663
1632,98735,150
1633,98731,20663
1634,98731,150
1635,98731,19721
1636,98727,20663
1637,98727,150
1638,98723,20663
1639,98723,150
1640,98641,20754
1641,98641,3908
1642,98641,1223
1643,98641,8424
1644,98641,13321
1645,98641,21406
1646,98690,384
1647,98690,14234
1648,98690,653
1649,98690,2067
1650,98690,19721
1651,98675,21408
1652,98675,21407
1653,98675,21409
1654,98675,12770
1655,98675,19720
1656,98670,6513
1657,98670,1935
1658,98670,7820
1659,98670,7823
1660,98670,15178
1661,98670,19721
1662,98617,19722
1663,98628,375
1664,98628,12614
1665,98628,550
1666,98628,19721
1667,98627,803
1668,98627,14604
1669,98627,21405
1670,98627,844
1671,98627,682
1672,98627,13591
1673,98627,2950
1674,98534,14943
1675,98534,6872
1676,98534,3716
1677,98534,7866
1678,98534,4658
1679,98534,150
1680,98534,1948
1681,98534,69
1682,98534,5384
1683,98534,21403
1684,98534,19722
1685,98541,168
1686,98541,15290
1687,98541,7145
1688,98541,150
1689,98541,19722
1690,98517,18772
1691,98517,8957
1692,98517,13591
1693,98517,19722
1694,98517,18815
1695,98512,14604
1696,98501,19721
1697,98429,893
1698,98429,1406
1699,98429,19720
1700,98477,3834
1701,98477,505
1702,98477,21402
1703,98477,19722
1704,98477,1967
1705,98461,21401
1706,98461,21400
1707,98461,20165
1708,98461,887
1709,98461,18081
1710,98461,17722
1711,98461,19720
1712,98442,304
1713,98442,21398
1714,98442,567
1715,98442,17349
1716,98442,20201
1717,98442,21340
1718,98442,21388
1719,98442,19721
1720,98427,19722
1721,98383,4786
1722,98383,2980
1723,98383,21397
1724,98383,1954
1725,98383,8198
1726,98383,19722
1727,98383,8418
1728,98365,327
1729,98365,16173
1730,98365,2023
1731,98365,19722
1732,98365,21396
1733,98368,7633
1734,98368,19171
1735,98368,5628
1736,98368,150
1737,98368,19721
1738,98341,375
1739,98341,549
1740,98341,9560
1741,98341,323
1742,98341,19722
1743,98341,2950
1744,98347,17692
1745,98347,21395
1746,98347,14380
1747,98347,1716
1748,98347,19720
1749,98331,6513
1750,98331,7820
1751,98331,9436
1752,98331,15178
1753,98331,19721
1754,98320,21359
1755,98320,7820
1756,98320,887
1757,98320,14826
1758,98320,21394
1759,98320,19720
1760,98286,20275
1761,98286,21391
1762,98286,21392
1763,98286,14687
1764,98286,21393
1765,98286,19722
1766,98286,10759
1767,98278,20699
1768,98278,7791
1769,98278,3448
1770,98278,7587
1771,98278,19197
1772,98278,16114
1773,98268,21389
1774,98268,177
1775,98268,1438
1776,98276,6955
1777,98276,3834
1778,98276,21390
1779,98276,13178
1780,98276,19722
1781,98190,402
1782,98190,150
1783,98190,152
1784,98190,21380
1785,98252,1093
1786,98252,21345
1787,98252,887
1788,98252,4069
1789,98252,21388
1790,98252,19722
1791,98244,964
1792,98244,1711
1793,98244,10108
1794,98244,21385
1795,98244,1248
1796,98244,19721
1797,98244,18971
1798,98238,1226
1799,98238,21387
1800,98238,21386
1801,98238,3723
1802,98238,21322
1803,98238,7576
1804,98238,19720
1805,98238,2950
1806,98207,150
1807,98207,846
1808,98207,17642
1809,98207,20220
1810,98207,19720
1811,98207,2167
1812,98209,19721
1813,98196,384
1814,98196,10288
1815,98196,5793
1816,98196,6326
1817,98196,6782
1818,98196,21381
1819,98180,16524
1820,98180,21379
1821,98180,4137
1822,98180,19722
1823,98180,1728
1824,98163,20929
1825,97896,21371
1826,97896,14604
1827,97900,21371
1828,97900,19720
1829,97902,21371
1830,97902,19721
1831,97897,21371
1832,97897,19722
1833,97904,21371
1834,98114,1644
1835,98114,375
1836,98114,17218
1837,98114,150
1838,98114,21378
1839,98114,19720
1840,98073,5628
1841,98073,1963
1842,98073,1070
1843,98073,19720
1844,98073,2167
1845,98080,304
1846,98080,700
1847,98080,14604
1848,98080,6756
1849,98080,5343
1850,98080,6619
1851,98080,13577
1852,98071,19722
1853,98025,4979
1854,98025,384
1855,98025,790
1856,98025,375
1857,98025,567
1858,98025,940
1859,98025,19721
1860,97957,200
1861,97957,12590
1862,97957,7240
1863,97957,19720
1864,98006,384
1865,98006,12938
1866,98006,4838
1867,98006,9388
1868,98006,3153
1869,97961,21377
1870,97961,19722
1871,97961,21376
1872,97961,15984
1873,97947,399
1874,97947,261
1875,97947,2583
1876,97947,13678
1877,97885,6678
1878,97885,21362
1879,97885,21361
1880,97885,19720
1881,97855,4079
1882,97855,21359
1883,97855,21360
1884,97855,887
1885,97855,15479
1886,97850,1223
1887,97850,27
1888,97850,13577
1889,97850,19721
1890,97850,9283
1891,97845,21323
1892,97845,7913
1893,97845,9702
1894,97845,7914
1895,97793,328
1896,97793,416
1897,97793,21356
1898,97793,21355
1899,97793,6570
1900,97793,21358
1901,97793,21357
1902,97793,17891
1903,97793,19722
1904,97781,375
1905,97781,2001
1906,97781,27
1907,97781,14604
1908,97781,940
1909,97781,150
1910,97781,612
1911,97781,19721
1912,97778,12675
1913,97778,5002
1914,97778,321
1915,97778,12217
1916,97778,15367
1917,97778,19721
1918,97740,168
1919,97740,1969
1920,97740,849
1921,97740,150
1922,97740,9794
1923,97740,19722
1924,97734,21353
1925,97734,21352
1926,97734,21354
1927,97734,887
1928,97734,7704
1929,97734,19720
1930,97685,19721
1931,97674,304
1932,97674,172
1933,97674,21346
1934,97674,21345
1935,97674,21347
1936,97674,5002
1937,97674,15367
1938,97674,19720
1939,97659,5815
1940,97659,8374
1941,97659,21344
1942,97659,9259
1943,97659,19721
1944,97640,573
1945,97640,20458
1946,97640,2112
1947,97640,3985
1948,97640,14604
1949,97640,9917
1950,97640,2950
1951,97632,14604
1952,97601,21341
1953,97601,567
1954,97601,15986
1955,97601,21340
1956,97601,19721
1957,97587,19722
1958,97336,1704
1959,97336,5793
1960,97336,6782
1961,97336,7287
1962,97350,13826
1963,97350,1704
1964,97350,7287
1965,97350,3707
1966,97282,15157
1967,97282,1704
1968,97282,5793
1969,97282,6782
1970,97314,10013
1971,97314,1704
1972,97314,21288
1973,97314,21287
1974,97304,21289
1975,97304,21290
1976,97304,1704
1977,97304,21288
1978,97304,21287
1979,97329,1704
1980,97329,5793
1981,97329,6782
1982,97329,7287
1983,97272,3834
1984,97272,4315
1985,97272,897
1986,97272,2597
1987,97249,1704
1988,97249,21270
1989,97249,8762
1990,97249,10051
1991,97249,1547
1992,97519,700
1993,97519,5064
1994,97519,8068
1995,97519,5343
1996,97519,16398
1997,97519,21324
1998,97519,19720
1999,97516,304
2000,97516,21323
2001,97516,21322
2002,97516,19721
2003,97484,304
2004,97484,21316
2005,97484,18535
2006,97484,7145
2007,97484,21318
2008,97484,21317
2009,97484,19721
2010,97480,19722
2011,97480,2950
2012,97437,567
2013,97437,16189
2014,97437,887
2015,97437,5383
2016,97437,21309
2017,97437,19722
2018,97247,309
2019,97247,19721
2020,97247,2950
2021,97382,327
2022,97382,1315
2023,97382,19720
2024,97202,2112
2025,97202,4741
2026,97202,21269
2027,97202,803
2028,97202,19720
2029,97202,2950
2030,97222,4603
2031,97222,19721
2032,97222,2950
2033,97210,304
2034,97210,19721
2035,97210,2950
2036,97093,19720
2037,97090,19722
2038,96786,21210
2039,96902,21210
2040,96829,21210
2041,96803,21210
2042,96776,21210
2043,96774,21210
2044,96817,21210
2045,96775,21210
2046,96778,21210
2047,97052,21210
2048,96826,21210
2049,96574,19721
2050,96723,790
2051,96723,649
2052,96723,20114
2053,96723,19721
2054,96662,7379
2055,96662,20288
2056,96662,1248
2057,96662,19720
2058,96662,7266
2059,96606,4173
2060,96606,4176
2061,96606,4185
2062,96606,19721
2063,96250,21223
2064,96304,14604
2065,96306,14604
2066,96476,21223
2067,96603,375
2068,96603,19079
2069,96603,1260
2070,96603,21238
2071,96603,21239
2072,96567,700
2073,96567,95
2074,96567,14604
2075,96567,331
2076,96567,150
2077,96567,269
2078,96539,21236
2079,96539,120
2080,96539,21237
2081,96539,1230
2082,96539,19722
2083,96539,925
2084,96550,19763
2085,96550,16017
2086,96550,19720
2087,96444,13631
2088,96444,9739
2089,96444,21229
2090,96444,21228
2091,96444,19722
2092,96444,257
2093,96450,21231
2094,96450,21230
2095,96450,10011
2096,96402,19721
2097,96392,21227
2098,96392,3141
2099,96392,20585
2100,96392,14604
2101,96386,21226
2102,96386,20769
2103,96386,19720
2104,96386,4729
2105,96386,21225
2106,96320,14604
2107,96320,19722
2108,96309,375
2109,96309,21213
2110,96309,613
2111,96309,19720
2112,96277,17506
2113,96277,200
2114,96277,1248
2115,96277,19722
2116,96265,4174
2117,96265,2108
2118,96265,19721
2119,96265,257
2120,96235,573
2121,96235,10487
2122,96235,1248
2123,96235,19720
2124,96218,21208
2125,96218,375
2126,96218,940
2127,96218,8043
2128,96218,3543
2129,96218,19722
2130,96210,21207
2131,96210,15484
2132,96210,20026
2133,96210,2375
2134,96210,19721
2135,96160,1260
2136,96160,17038
2137,96160,3543
2138,96187,21206
2139,96187,7290
2140,96187,19722
2141,96183,21204
2142,96183,21205
2143,96183,2454
2144,96162,1260
2145,96162,17038
2146,96162,613
2147,96162,19720
2148,96164,17629
2149,96164,18868
2150,96164,21203
2151,96164,940
2152,96146,7838
2153,96146,7840
2154,96146,9350
2155,96146,19721
2156,96131,95
2157,96131,96
2158,96131,150
2159,96131,21202
2160,96131,269
2161,96131,19721
2162,96142,778
2163,96142,14604
2164,96142,261
2165,96142,19722
2166,96124,21201
2167,96124,334
2168,96124,19720
2169,96115,10076
2170,96115,1487
2171,96115,19722
2172,96036,19721
2173,96050,14604
2174,96068,19720
2175,95994,1487
2176,95994,19722
2177,95994,973
2178,95996,19721
2179,95980,384
2180,95980,3834
2181,95980,940
2182,95980,3543
2183,95980,19720
2184,95980,8271
2185,95966,168
2186,95966,1711
2187,95966,21194
2188,95966,7153
2189,95878,120
2190,95909,5828
2191,95909,150
2192,95881,19790
2193,95881,14604
2194,95881,21186
2195,95881,21187
2196,95881,21188
2197,95856,21189
2198,95856,21078
2199,95856,14604
2200,95840,20977
2201,95840,21167
2202,95840,19722
2203,95833,20977
2204,95833,21167
2205,95833,19720
2206,95807,21106
2207,95807,1836
2208,95807,19721
2209,95792,21180
2210,95792,375
2211,95792,19720
2212,95703,20977
2213,95703,120
2214,95703,14604
2215,95703,331
2216,95703,150
2217,95703,17040
2218,95703,2950
2219,95736,20977
2220,95736,19721
2221,95686,20977
2222,95686,19722
2223,95700,20977
2224,95700,801
2225,95700,7911
2226,95700,19720
2227,95644,20977
2228,95644,7264
2229,95644,17038
2230,95644,19722
2231,95599,20977
2232,95599,801
2233,95599,21178
2234,95599,20965
2235,95599,7051
2236,95599,19722
2237,95599,2950
2238,95553,20977
2239,95553,16520
2240,95553,6672
2241,95553,19722
2242,95533,20977
2243,95533,14604
2244,95533,19721
2245,95489,20977
2246,95489,14604
2247,95489,19722
2248,95411,19443
2249,95411,20881
2250,95404,3834
2251,95404,14230
2252,95404,897
2253,95404,150
2254,95400,150
2255,95400,19800
2256,95400,21174
2257,95386,910
2258,95386,19929
2259,95386,21173
2260,95292,150
2261,95292,15178
2262,95306,20977
2263,95306,21167
2264,95306,19721
2265,95288,20977
2266,95288,21167
2267,95321,21169
2268,95321,21168
2269,95321,1836
2270,95277,14952
2271,95277,5793
2272,95277,19721
2273,95277,6782
2274,95277,12842
2275,95249,508
2276,95249,21155
2277,95249,1248
2278,95221,21153
2279,95221,1248
2280,95200,20977
2281,95200,21078
2282,95191,20977
2283,95191,21167
2284,95167,19936
2285,95167,11074
2286,95167,9602
2287,95167,21150
2288,95163,21148
2289,95163,9509
2290,95163,1892
2291,95163,21149
2292,95133,20977
2293,95133,5650
2294,95133,2950
2295,95003,1248
2296,95003,18815
2297,95020,8689
2298,95020,21107
2299,95020,1541
2300,95019,20977
2301,94983,21106
2302,94983,1836
2303,94987,5828
2304,94987,2267
2305,94987,1711
2306,94987,19721
2307,94954,20977
2308,94954,21167
2309,94940,20977
2310,94940,19721
2311,94921,20977
2312,94921,870
2313,94921,19722
2314,94898,19763
2315,94898,150
2316,94898,922
2317,94861,19722
2318,94875,21103
2319,94875,19721
2320,94830,20977
2321,94830,21167
2322,94830,19722
2323,94791,19721
2324,94778,19720
2325,94774,1541
2326,94774,5793
2327,94774,6782
2328,94774,15079
2329,94728,1954
2330,94728,16068
2331,94728,19722
2332,94722,20977
2333,94722,19721
2334,94706,17657
2335,94706,17894
2336,94706,12042
2337,94706,21093
2338,94706,18815
2339,94672,21091
2340,94672,21092
2341,94672,12217
2342,94672,19721
2343,94672,6685
2344,94629,21167
2345,94629,19722
2346,94570,384
2347,94570,15586
2348,94570,21086
2349,94570,19721
2350,94582,940
2351,94582,21087
2352,94582,1843
2353,94582,19722
2354,94214,20977
2355,94214,573
2356,94214,1122
2357,94214,1406
2358,94214,12217
2359,94214,19720
2360,94043,19751
2361,94043,19721
2362,94174,20977
2363,94174,19722
2364,94150,21083
2365,94150,1248
2366,94150,19720
2367,94136,19720
2368,94065,10150
2369,94065,120
2370,94065,150
2371,94065,21080
2372,94048,1644
2373,94048,21079
2374,94048,1620
2375,94048,876
2376,94048,19722
2377,94039,19721
2378,94035,10150
2379,94035,120
2380,93835,27
2381,93835,150
2382,93835,21077
2383,93839,20977
2384,93839,7658
2385,93839,20965
2386,93839,20583
2387,93839,19721
2388,93839,7266
2389,93830,20977
2390,93830,18075
2391,93830,20965
2392,93830,21076
2393,93830,7294
2394,93793,20977
2395,93793,20965
2396,93793,1122
2397,93793,7512
2398,93793,13431
2399,93793,19722
2400,93765,5659
2401,93765,5412
2402,93765,19720
2403,93753,20977
2404,93753,21066
2405,93753,20965
2406,93753,7248
2407,93753,19720
2408,93753,2950
2409,93711,19722
2410,93641,18771
2411,93641,19721
2412,93641,10024
2413,93620,20977
2414,93620,20965
2415,93620,7051
2416,93620,19722
2417,93620,2950
2418,93612,8689
2419,93612,20769
2420,93612,1843
2421,93612,19720
2422,93539,19720
2423,93513,327
2424,93513,21065
2425,93513,1315
2426,93513,19722
2427,93533,20977
2428,93533,2837
2429,93533,20583
2430,93533,150
2431,93533,19722
2432,93504,375
2433,93504,5793
2434,93504,6782
2435,93497,20977
2436,93497,21063
2437,93497,6475
2438,93497,19721
2439,93489,12614
2440,93489,19722
2441,93467,20977
2442,93467,20965
2443,93467,1876
2444,93467,19720
2445,93467,2950
2446,93453,963
2447,93453,21061
2448,93453,7240
2449,93453,19721
2450,93448,20977
2451,93448,19722
2452,93448,3525
2453,93438,20977
2454,93438,304
2455,93438,20965
2456,93438,373
2457,93438,150
2458,93438,19720
2459,93394,1248
2460,93394,19722
2461,93303,20977
2462,93303,19720
2463,93280,10150
2464,93280,8568
2465,93280,14926
2466,93280,21055
2467,93249,1547
2468,93249,1932
2469,93189,573
2470,93189,17478
2471,93189,150
2472,93189,19720
2473,93189,1555
2474,93179,20977
2475,93167,20977
2476,93167,14604
2477,93149,492
2478,93149,150
2479,93149,74
2480,93149,19721
2481,93072,20977
2482,93072,19720
2483,93047,20991
2484,93047,19722
2485,93049,20275
2486,93049,15552
2487,93049,19721
2488,93030,573
2489,93030,12217
2490,93030,19722
2491,92985,19763
2492,92985,19720
2493,92889,120
2494,92889,19721
2495,92889,20742
2496,92832,20977
2497,92832,20965
2498,92809,14604
2499,92763,20977
2500,92763,20965
2501,92763,804
2502,92763,19720
2503,92763,19722
2504,92763,2950
2505,92741,20977
2506,92741,120
2507,92741,20965
2508,92741,19721
2509,92741,2950
2510,92721,20963
2511,92698,19722
2512,92670,1193
2513,92670,7498
2514,92670,19722
2515,92613,19721
2516,92516,14604
2517,92516,19697
2518,92516,20929
2519,92483,19720
2520,92380,20926
2521,92397,19720
2522,92426,19722
2523,92414,19721
2524,92351,19697
2525,92351,20929
2526,92290,14604
2527,92290,260
2528,92136,396
2529,92136,150
2530,92136,19720
2531,92136,20742
2532,92125,20977
2533,92125,150
2534,92125,19721
2535,92125,20910
2536,92108,19722
2537,92095,20908
2538,92095,20907
2539,92095,9111
2540,92095,5793
2541,92095,19722
2542,92095,6782
2543,92079,573
2544,92079,12166
2545,92079,1248
2546,92079,19720
2547,92070,19722
2548,92002,573
2549,92002,20458
2550,92002,375
2551,92002,940
2552,92002,12217
2553,92002,1248
2554,92002,19720
2555,92017,284
2556,92017,120
2557,92017,20884
2558,92017,4137
2559,92017,20883
2560,92017,1750
2561,92017,3287
2562,91969,19721
2563,91981,6541
2564,91981,909
2565,91981,19763
2566,91981,3594
2567,91981,20516
2568,91981,19783
2569,91981,4226
2570,91981,4227
2571,91963,19722
2572,91856,329
2573,91856,1823
2574,91856,20882
2575,91856,150
2576,91856,19721
2577,91908,20879
2578,91908,20880
2579,91908,5412
2580,91908,20881
2581,91892,120
2582,91892,284
2583,91892,89
2584,91892,20698
2585,91892,20876
2586,91892,5923
2587,91892,150
2588,91892,20877
2589,91892,1948
2590,91892,20875
2591,91892,382
2592,91892,19721
2593,91896,20977
2594,91896,373
2595,91896,803
2596,91896,331
2597,91896,150
2598,91896,20878
2599,91896,20654
2600,91896,19720
2601,91896,2950
2602,91880,790
2603,91880,9559
2604,91880,9560
2605,91880,14822
2606,91880,3137
2607,91880,9563
2608,91880,150
2609,91880,19721
2610,91880,256
2611,91876,384
2612,91876,790
2613,91876,375
2614,91876,20873
2615,91876,14687
2616,91876,20874
2617,91876,19722
2618,91853,20249
2619,91853,20856
2620,91853,20857
2621,91853,804
2622,91853,150
2623,91847,550
2624,91847,20852
2625,91847,7743
2626,91847,20854
2627,91847,347
2628,91847,2015
2629,91847,7750
2630,91847,20855
2631,91847,20853
2632,91847,20851
2633,91847,19721
2634,91793,20275
2635,91793,200
2636,91793,1137
2637,91793,20839
2638,91793,1248
2639,91736,20275
2640,91736,3592
2641,91736,12675
2642,91736,20837
2643,91736,20836
2644,91660,16787
2645,91660,16788
2646,91660,790
2647,91660,5141
2648,91660,12675
2649,91660,10345
2650,91660,10831
2651,91660,13985
2652,91660,20833
2653,91660,20834
2654,91660,9637
2655,91660,617
2656,91660,19722
2657,91660,1204
2658,91722,304
2659,91722,700
2660,91722,95
2661,91722,4282
2662,91722,96
2663,91722,107
2664,91722,331
2665,91722,150
2666,91722,13699
2667,91722,19720
2668,91671,20832
2669,91671,284
2670,91671,849
2671,91671,5481
2672,91671,10741
2673,91671,5483
2674,91671,14506
2675,91607,18348
2676,91607,2192
2677,91607,19720
2678,91607,976
2679,91592,284
2680,91592,15200
2681,91592,20694
2682,91592,19721
2683,91592,6782
2684,91470,20820
2685,91470,15023
2686,91470,341
2687,91470,20471
2688,91470,172
2689,91470,20698
2690,91470,3040
2691,91470,20821
2692,91470,7167
2693,91470,150
2694,91470,349
2695,91470,243
2696,91470,2170
2697,91470,293
2698,91574,19252
2699,91574,1093
2700,91574,1898
2701,91574,115
2702,91574,747
2703,91574,12353
2704,91574,3748
2705,91574,2819
2706,91574,9164
2707,91569,95
2708,91569,96
2709,91569,20471
2710,91569,20716
2711,91569,747
2712,91569,20828
2713,91569,20827
2714,91577,89
2715,91577,20698
2716,91577,19763
2717,91577,20829
2718,91577,7967
2719,91577,11948
2720,91577,6548
2721,91577,1068
2722,91577,19721
2723,91577,4227
2724,91564,4673
2725,91564,4700
2726,91564,16084
2727,91564,8197
2728,91564,19988
2729,91564,20826
2730,91564,20825
2731,91564,19722
2732,91564,2483
2733,91564,976
2734,91528,19763
2735,91528,4990
2736,91528,4137
2737,91501,10281
2738,91501,384
2739,91501,790
2740,91501,4640
2741,91501,8906
2742,91501,940
2743,91501,5343
2744,91501,3127
2745,91501,150
2746,91501,13185
2747,91501,2015
2748,91501,19720
2749,91501,3437
2750,91484,20824
2751,91484,20823
2752,91484,20754
2753,91484,7797
2754,91484,7662
2755,91484,8608
2756,91484,115
2757,91484,1401
2758,91484,19721
2759,91477,304
2760,91477,1313
2761,91477,803
2762,91477,20822
2763,91477,150
2764,91477,1286
2765,91477,19722
2766,91443,304
2767,91443,95
2768,91443,96
2769,91443,150
2770,91443,887
2771,91443,6693
2772,91443,325
2773,91356,573
2774,91356,20811
2775,91356,20813
2776,91356,20812
2777,91356,12217
2778,91356,19722
2779,90602,89
2780,90602,3444
2781,90602,1935
2782,90602,185
2783,90602,1936
2784,90602,20716
2785,90602,20770
2786,90602,20769
2787,90602,3043
2788,90871,20791
2789,90871,168
2790,90871,89
2791,90871,965
2792,90871,20698
2793,90871,20792
2794,90871,20790
2795,90871,20789
2796,90871,150
2797,90871,20793
2798,90871,20788
2799,90877,20795
2800,90877,20797
2801,90877,20771
2802,90877,20794
2803,90877,20796
2804,90877,150
2805,90877,1401
2806,90877,6932
2807,90877,152
2808,91008,284
2809,91008,120
2810,91008,8954
2811,91008,89
2812,91008,1152
2813,91008,8608
2814,91008,8609
2815,91008,4116
2816,91008,8299
2817,91008,13007
2818,91024,20801
2819,91024,20754
2820,91024,20803
2821,91024,20802
2822,91024,1226
2823,91024,849
2824,91024,17883
2825,91024,767
2826,91024,150
2827,91024,115
2828,91024,1716
2829,91024,2025
2830,91378,2202
2831,91378,20816
2832,91378,89
2833,91378,20698
2834,91378,19763
2835,91378,20516
2836,91378,234
2837,91378,1768
2838,91378,3707
2839,91359,20814
2840,91359,20663
2841,91359,20815
2842,91359,20754
2843,91359,97
2844,91359,150
2845,91359,115
2846,91369,20416
2847,91369,95
2848,91369,96
2849,91369,20471
2850,91369,20716
2851,91369,150
2852,91369,323
2853,91369,7240
2854,91361,19745
2855,91361,790
2856,91361,4190
2857,91361,8906
2858,91361,20819
2859,91361,940
2860,91361,13772
2861,91361,3153
2862,91361,20818
2863,91361,19721
2864,91348,20817
2865,91348,15200
2866,91348,20682
2867,91348,5793
2868,91348,794
2869,91348,6782
2870,91348,20742
2871,91367,372
2872,91367,850
2873,91367,150
2874,91367,626
2875,91367,20654
2876,91337,19722
2877,91263,372
2878,91263,7582
2879,91263,804
2880,91263,150
2881,91263,612
2882,90819,19722
2883,90655,19720
2884,91399,14604
2885,90524,14604
2886,90524,20711
2887,91088,311
2888,91088,850
2889,91088,150
2890,91076,20806
2891,91076,20805
2892,91076,804
2893,91076,4667
2894,91076,5793
2895,91076,6782
2896,91041,14604
2897,90959,1239
2898,90959,940
2899,90959,20686
2900,90959,1843
2901,90959,18121
2902,90959,1248
2903,90959,19720
2904,90883,19721
2905,90869,304
2906,90869,284
2907,90869,1810
2908,90869,3020
2909,90869,311
2910,90869,14604
2911,90869,150
2912,90869,323
2913,90869,20787
2914,90839,6159
2915,90839,20786
2916,90839,19763
2917,90839,179
2918,90839,17382
2919,90839,20785
2920,90839,20231
2921,90839,19722
2922,90839,20784
2923,90661,19720
2924,90704,304
2925,90704,700
2926,90704,95
2927,90704,96
2928,90704,331
2929,90704,5343
2930,90704,6693
2931,90704,281
2932,90704,15581
2933,90735,304
2934,90735,700
2935,90735,95
2936,90735,96
2937,90735,331
2938,90735,5343
2939,90735,887
2940,90735,6693
2941,90686,19720
2942,90663,2468
2943,90663,97
2944,90663,172
2945,90663,20698
2946,90663,150
2947,90663,20773
2948,90663,20774
2949,90682,20663
2950,90682,20778
2951,90682,20779
2952,90682,120
2953,90682,284
2954,90682,97
2955,90682,4114
2956,90608,20663
2957,90608,20772
2958,90608,97
2959,90608,399
2960,90608,150
2961,90608,20726
2962,90608,1589
2963,90608,260
2964,90608,19721
2965,90608,264
2966,90677,20777
2967,90677,20775
2968,90677,20776
2969,90677,6840
2970,90677,1970
2971,90677,1839
2972,90677,868
2973,90667,260
2974,90670,284
2975,90670,20768
2976,90670,19252
2977,90670,19929
2978,90670,20123
2979,90670,8152
2980,90670,19722
2981,90670,9260
2982,90658,5828
2983,90658,3834
2984,90658,96
2985,90658,849
2986,90658,14604
2987,90658,850
2988,90658,20654
2989,90611,304
2990,90611,14604
2991,90591,5828
2992,90591,3834
2993,90591,803
2994,90591,804
2995,90591,20654
2996,90591,19720
2997,90475,19720
2998,90467,6955
2999,90467,3113
3000,90467,19721
3001,90467,264
3002,89395,20665
3003,89395,304
3004,89395,1810
3005,89395,317
3006,89395,150
3007,89395,853
3008,89395,94
3009,90377,909
3010,90377,20748
3011,90377,20745
3012,90377,19763
3013,90377,20747
3014,90377,1363
3015,90377,804
3016,90377,20744
3017,90377,20746
3018,90377,19721
3019,90375,19722
3020,90353,375
3021,90353,940
3022,90353,19319
3023,90353,5793
3024,90353,6782
3025,90353,20713
3026,90351,15560
3027,90351,1066
3028,90351,14604
3029,90351,9111
3030,90351,20743
3031,90351,5793
3032,90351,6782
3033,90351,20742
3034,90351,5797
3035,90351,20713
3036,90298,19252
3037,90298,27
3038,90298,1810
3039,90298,1118
3040,90158,20663
3041,90158,16639
3042,90158,96
3043,90158,19751
3044,90158,19763
3045,90158,150
3046,90158,20726
3047,90147,19252
3048,90147,97
3049,90147,20698
3050,90147,20721
3051,90147,150
3052,90147,20722
3053,90147,20723
3054,90147,94
3055,90177,19252
3056,90177,2678
3057,90177,5161
3058,90177,5793
3059,90177,15481
3060,90177,6775
3061,90177,6782
3062,90162,95
3063,90162,89
3064,90162,20729
3065,90162,20716
3066,90162,20728
3067,90162,20727
3068,90162,1401
3069,90162,264
3070,90162,3707
3071,90268,20739
3072,90268,2855
3073,90268,89
3074,90268,20698
3075,90268,274
3076,90268,2316
3077,90268,20738
3078,90268,3707
3079,90301,120
3080,90301,284
3081,90301,1223
3082,90301,97
3083,90301,150
3084,90301,7498
3085,90272,20741
3086,90272,261
3087,90272,20630
3088,90267,384
3089,90267,940
3090,90267,20740
3091,90267,5085
3092,90267,1248
3093,90193,790
3094,90193,20718
3095,90193,7999
3096,90193,20732
3097,90193,940
3098,90193,20734
3099,90193,9226
3100,90193,20733
3101,90193,20731
3102,90172,1313
3103,90172,1810
3104,90172,150
3105,90172,5793
3106,90172,20730
3107,90172,19720
3108,90172,6782
3109,90143,4866
3110,90143,14604
3111,90143,17313
3112,90143,4090
3113,90143,3133
3114,90143,20725
3115,90143,20724
3116,90122,20718
3117,90122,20719
3118,90122,10108
3119,90122,20720
3120,90122,940
3121,90122,19722
3122,90103,14604
3123,90090,19721
3124,90077,937
3125,90077,3812
3126,90077,150
3127,90077,13551
3128,90077,1201
3129,90077,498
3130,90077,1797
3131,90077,1202
3132,90077,19720
3133,90077,12169
3134,90034,20663
3135,90034,5892
3136,90034,2029
3137,90034,97
3138,90034,2085
3139,90034,20717
3140,90034,150
3141,90034,1547
3142,90034,1666
3143,89999,19252
3144,89999,1634
3145,89999,13439
3146,89999,115
3147,89999,747
3148,89999,243
3149,89999,12010
3150,89999,12011
3151,89999,19720
3152,89997,20471
3153,89997,20698
3154,89997,150
3155,89997,269
3156,89997,5793
3157,89997,6326
3158,89997,20712
3159,89997,6782
3160,89997,5797
3161,89997,3707
3162,90023,20155
3163,90023,89
3164,90023,19812
3165,90023,20436
3166,90023,20716
3167,90023,20204
3168,90023,1589
3169,90023,260
3170,90023,1590
3171,90023,20715
3172,90023,20714
3173,90013,14604
3174,90013,940
3175,90013,3660
3176,90013,5793
3177,90013,6326
3178,90013,19720
3179,90013,6782
3180,90013,5797
3181,90013,20713
3182,89992,19722
3183,89885,20692
3184,89885,19763
3185,89885,4990
3186,89885,7966
3187,89885,20691
3188,89885,2909
3189,89885,19721
3190,89959,304
3191,89959,700
3192,89959,95
3193,89959,96
3194,89959,331
3195,89959,150
3196,89959,887
3197,89959,321
3198,89959,1843
3199,89939,20663
3200,89939,97
3201,89939,1093
3202,89939,20705
3203,89939,7841
3204,89939,1438
3205,89939,20706
3206,89939,264
3207,89913,396
3208,89913,20695
3209,89913,20696
3210,89913,20697
3211,89913,150
3212,89913,3813
3213,89913,5107
3214,89913,260
3215,89913,1590
3216,89913,152
3217,89913,10217
3218,89910,120
3219,89910,284
3220,89910,89
3221,89910,429
3222,89910,5793
3223,89910,15481
3224,89910,20694
3225,89910,6782
3226,89919,20698
3227,89919,7911
3228,89919,150
3229,89919,5793
3230,89919,6782
3231,89837,6053
3232,89837,20687
3233,89837,175
3234,89837,3712
3235,89837,5625
3236,89837,4226
3237,89837,264
3238,89900,96
3239,89900,373
3240,89900,2520
3241,89900,803
3242,89900,20693
3243,89900,150
3244,89900,1286
3245,89900,20654
3246,89900,10518
3247,89900,2950
3248,89865,789
3249,89865,9185
3250,89865,1122
3251,89865,940
3252,89865,1932
3253,89865,16278
3254,89865,16829
3255,89865,4846
3256,89806,304
3257,89806,700
3258,89806,95
3259,89806,331
3260,89806,150
3261,89806,14255
3262,89806,19720
3263,89800,384
3264,89800,790
3265,89800,7974
3266,89800,4640
3267,89800,14604
3268,89800,940
3269,89800,20686
3270,89800,1245
3271,89800,1843
3272,89800,1248
3273,89782,1226
3274,89782,20685
3275,89782,1518
3276,89782,12905
3277,89782,2520
3278,89782,20683
3279,89782,323
3280,89782,20684
3281,89759,284
3282,89759,95
3283,89759,97
3284,89759,1021
3285,89759,20682
3286,89759,20681
3287,89759,5793
3288,89759,19721
3289,89759,6782
3290,89759,5797
3291,89746,20673
3292,89746,20674
3293,89746,20675
3294,89746,3991
3295,89746,20679
3296,89746,2092
3297,89746,6650
3298,89746,20676
3299,89746,5324
3300,89746,20680
3301,89746,20678
3302,89746,20677
3303,89742,20663
3304,89742,20666
3305,89742,97
3306,89742,185
3307,89742,150
3308,89742,19722
3309,89756,396
3310,89756,8115
3311,89756,714
3312,89756,260
3313,89756,1589
3314,89756,20672
3315,89756,293
3316,89756,20671
3317,89756,20670
3318,89756,9415
3319,89756,1268
3320,89756,3326
3321,89734,20663
3322,89734,20664
3323,89734,20665
3324,89734,97
3325,89734,150
3326,89734,256
3327,89738,20660
3328,89738,20661
3329,89738,19756
3330,89738,177
3331,89738,1094
3332,89738,1553
3333,89738,20662
3334,89732,3604
3335,89732,20506
3336,89732,87
3337,89732,19763
3338,89732,20658
3339,89732,352
3340,89732,5850
3341,89706,18736
3342,89706,967
3343,89706,352
3344,89706,8324
3345,89706,20657
3346,89706,19721
3347,89706,971
3348,89706,976
3349,89706,20656
3350,89698,14604
3351,89698,940
3352,89698,9111
3353,89698,5793
3354,89698,6326
3355,89698,6782
3356,89698,5797
3357,89698,7287
3358,89701,304
3359,89701,5828
3360,89701,3834
3361,89701,317
3362,89701,150
3363,89701,20654
3364,89701,19720
3365,89682,304
3366,89682,150
3367,89682,20653
3368,89682,19722
3369,89663,5027
3370,89663,91
3371,89663,14604
3372,89663,11947
3373,89663,19721
3374,89653,20652
3375,89653,940
3376,89653,150
3377,89653,5793
3378,89653,6326
3379,89653,19720
3380,89653,6782
3381,89617,304
3382,89617,849
3383,89617,3539
3384,89617,7212
3385,89617,19721
3386,89617,281
3387,89608,19588
3388,89608,2029
3389,89608,20650
3390,89608,20651
3391,89608,19722
3392,89580,20648
3393,89580,20645
3394,89580,20275
3395,89580,1062
3396,89580,5073
3397,89580,20647
3398,89580,14604
3399,89580,20646
3400,89580,94
3401,89580,4226
3402,89560,8781
3403,89560,16679
3404,89560,261
3405,89560,260
3406,89560,2583
3407,89556,19751
3408,89556,7582
3409,89556,150
3410,89556,1843
3411,89551,20642
3412,89551,7974
3413,89551,375
3414,89551,19751
3415,89551,19929
3416,89551,8618
3417,89551,20640
3418,89551,20641
3419,89551,19721
3420,89551,20643
3421,89548,20639
3422,89548,18956
3423,89548,150
3424,89548,14772
3425,89548,19722
3426,89473,1059
3427,89473,1413
3428,89473,20636
3429,89473,19720
3430,89473,20430
3431,89473,19207
3432,89519,19372
3433,89519,550
3434,89519,1954
3435,89519,10529
3436,89519,613
3437,89519,19721
3438,89519,3244
3439,89494,14604
3440,89479,20637
3441,89479,7379
3442,89479,850
3443,89479,150
3444,89479,333
3445,89479,1843
3446,89479,19722
3447,89460,304
3448,89460,200
3449,89460,10545
3450,89460,19722
3451,89452,801
3452,89452,384
3453,89452,790
3454,89452,20634
3455,89452,4357
3456,89452,20221
3457,89452,19722
3458,89436,10078
3459,89436,261
3460,89436,16278
3461,89436,20631
3462,89436,19720
3463,89436,20632
3464,89436,20630
3465,89436,300
3466,89409,20487
3467,89406,20487
3468,89372,20487
3469,89369,20487
3470,89361,20487
3471,89358,20487
3472,89355,20487
3473,89353,20487
3474,89351,20487
3475,89348,20487
3476,89345,20487
3477,89342,20487
3478,89339,20487
3479,89321,20487
3480,89318,20487
3481,89290,1823
3482,89290,20610
3483,89290,4843
3484,89308,20487
3485,89283,893
3486,89283,20605
3487,89283,344
3488,89283,4741
3489,89283,20608
3490,89283,2503
3491,89283,20604
3492,89283,20143
3493,89283,20606
3494,89283,20602
3495,89283,266
3496,89283,20601
3497,89283,20607
3498,89283,260
3499,89283,1589
3500,89283,20603
3501,89277,19722
3502,89273,20487
3503,88740,96
3504,88740,89
3505,88740,20471
3506,88740,19252
3507,88740,1421
3508,88740,20415
3509,88740,3137
3510,88740,150
3511,88740,1901
3512,88740,16422
